rpms,redcap
Actigraphy,digital_biomarkers_axivity_checkin
Actigraphy,digital_biomarkers_axivity_onboarding
Actigraphy,digital_biomarkers_axivity_end_of_12month_study_pe
AdverseEvents,adverse_events
ASSIST,assist
BloodSpecimenPQA,blood_sample_preanalytic_quality_assurance
BPRS,bprs
CBC_GCP,gcp_cbc_with_differential
CBCwithDifferential,cbc_with_differential
CDSS,cdss
Coenrollment,coenrollment_form
CSSRS,cssrs_baseline
CurrentHealthStatus,current_health_status
CurrentHealthStatus_GCP,gcp_current_health_status
Demographics,sociodemographics
EEG,eeg_run_sheet
EMA,digital_biomarkers_mindlamp_checkin
EMA,digital_biomarkers_mindlamp_onboarding
EMA,digital_biomarkers_mindlamp_end_of_12month_study_p
FIGS,family_interview_for_genetic_studies_figs
GlobalFuncRS,global_functioning_role_scale
GlobalFuncRSFUP,global_functioning_role_scale_followup
GlobalFuncSS,global_functioning_social_scale
GlobalFuncSSFUP,global_functioning_social_scale_followup
GUID,guid_form
HealthConditions,health_conditions_genetics_fluid_biomarkers
InclusionExclusionCriteriaReview,inclusionexclusion_criteria_review
IQ Assessment,iq_assessment_wasiii_wiscv_waisiv
LifetimeAP,lifetime_ap_exposure_screen
MedicalCondition,health_conditions_medical_historypsychiatric_histo
MissingData,missing_data
MRI,mri_run_sheet
NSI-PR,nsipr
OASIS,oasis
PAS,premorbid_adjustment_scale
PDQ,perceived_discrimination_scale
PDS,pubertal_developmental_scale
PennCNB,penncnb
PGI-S,pgis
PharmaceuticalTreatment,current_pharmaceutical_treatment_floating_med_125
PharmaceuticalTreatment,current_pharmaceutical_treatment_floating_med_2650
PharmaceuticalTreatment,past_pharmaceutical_treatment
PICF_UHR_Self_V2,informed_consent_run_sheet
PPS,psychosis_polyrisk_score
PremorbidIQ,premorbid_iq_reading_accuracy
PROMIS-SD,item_promis_for_sleep
PSS,perceived_stress_scale
PsychosocialTreatment,psychosocial_treatment_form
PSYCHSP1P8,psychs_p1p8
PSYCHSP1P8,psychs_p1p8_fu
PSYCHSP1P8,psychs_p1p8_fu_hc
PSYCHSP9,psychs_p9ac32
PSYCHSP9,psychs_p9ac32_fu
PSYCHSP9,psychs_p9ac32_fu_hc
PsychsRunsheet,psychs_av_recording_run_sheet
RA Prediction,ra_prediction
RecruitmentSource,recruitment_source
RUL,resource_use_log
Saliva,daily_activity_and_saliva_sample_collection
SCID5PD,scid5_schizotypal_personality_sciddpq
SCIDv1,scid5_psychosis_mood_substance_abuse
SOFAS,sofas_screening
SpeechSampling,speech_sampling_run_sheet
TBI,traumatic_brain_injury_screen
