form,event,id
ndar_subject01,,57431
ampscz_dim01,,57432
ampscz_hcgfb01,screening,57433
ampscz_lapes01,screening,57434
ampscz_nsipr01,baseline,57435
ampscz_nsipr01,month_1,57436
ampscz_rap01,baseline,57437
ampscz_rs01,,57438
assist01,baseline,57439
bprs01,baseline,57440
bprs01,month_1,57441
cgis01,baseline,57442
clgry01,baseline,57443
clgry01,month_1,57444
cssrs01,baseline,57445
cssrs01,month_2,58447
dsm_iv_es01,baseline,57446
dsm_iv_es01,screening,57447
gfs01,baseline_chrgfrs,57448
gfs01,baseline_chrgfss,58231
iec01,,57449
oasis01,baseline,57450
oasis01,month_1,57451
pds01,,57452
pmod01,month_1,57453
pmod01,baseline,59163
scidvapd01,screening,57454
socdem01,,57718
sri01,baseline,57456
tbi01,screening,57457
ampscz_iqa01,baseline,57897
wais_iv_part101,baseline,57898
wasi201,baseline,57910
wisc_v01,baseline,57899
figs01,,57979
ampscz_psychs01,screening,58064
ampscz_psychs01,baseline,58063
ampscz_pps01,baseline,58270
pss01,baseline,58277
ampscz_sp_survey01,,64819
actirec01,,59262
eeg_sub_files01,baseline,57725
eeg_sub_files01,month_2,64410
image03,baseline,57776
image03,month_2,
langsamp01,baseline_open,57864
langsamp01,month_2_open,64431
langsamp01,screening_psychs,57865
langsamp01,baseline_psychs,57868
langsamp01,month_1_psychs,64433
langsamp01,month_2_psychs,64432
ampscz_sp_sensors01,3705,
ampscz_sp_sensors01,4366,
release-1.0,3705,59959
release-1.0,4366,59952
release-2.0,3705,65283
release-2.0,4366,64991
medhi01,screening,60119
clinlabtestsp201,baseline,60120
vitas01,baseline,60122
dailyd01,baseline,60121
scidcls01,baseline,60124
penncnb01,,64550
dsm_iv_es01,month_1,65776
ampscz_psychs01,month_1,65777
gfs01,month_1_chrgfssfu,65778
gfs01,month_1_chrgfrsfu,65779
pss01,month_1,65780
cgis01,month_1,65781
dsm_iv_es01,month_2,65782
ampscz_psychs01,month_2,65783
vitas01,month_2,65784
dailyd01,month_2,65785
clinlabtestsp201,month_2,65786
ampscz_nsipr01,month_2,65787
clgry01,month_2,65788
assist01,month_2,65789
gfs01,month_2_chrgfssfu,65790
gfs01,month_2_chrgfrsfu,65791
oasis01,month_2,65792
sri01,month_2,65793
pss01,month_2,65794
cgis01,month_2,65795
bprs01,month_2,65796
